czb_id,sampleid,sample_type,KoV,roost_site,latitude_s,longitude_e,collection_date,species,bat_sex,unique_tag_id,recap,bat_age_class,young_of_year
RR034B_002_fecRa,AMB122,feces,0,Ambakoana,-18.513,48.1665,2/23/18,Pteropus rufus,male,442,no,A,no
RR034B_003_fecRa,AMB123,feces,0,Ambakoana,-18.513,48.1665,2/23/18,Pteropus rufus,male,500,no,A,no
RR034B_004_fecRa,AMB124,feces,0,Ambakoana,-18.513,48.1665,2/23/18,Pteropus rufus,female,1333,no,NL,yes
RR034B_006_fecRa,AMB126,feces,0,Ambakoana,-18.513,48.1665,2/24/18,Pteropus rufus,male,1335,no,A,no
RR034B_007_fecRa,AMB127,feces,0,Ambakoana,-18.513,48.1665,2/24/18,Pteropus rufus,female,1336,no,NL,yes
RR034B_008_fecRa,AMB128,feces,0,Ambakoana,-18.513,48.1665,2/25/18,Pteropus rufus,female,1337,no,NL,yes
RR034B_008_fecRb,AMB128,feces,0,Ambakoana,-18.513,48.1665,2/25/18,Pteropus rufus,female,1337,no,NL,yes
RR034B_009_fecRa,AMB129,feces,0,Ambakoana,-18.513,48.1665,2/25/18,Pteropus rufus,male,1338,no,A,no
RR034B_010_fecRa,AMB130,feces,0,Ambakoana,-18.513,48.1665,2/26/18,Pteropus rufus,female,1339,no,NL,no
RR034B_011_fecRa,AMB131,feces,0,Ambakoana,-18.513,48.1665,2/27/18,Pteropus rufus,female,1340,no,NL,no
RR034B_012_fecRa,AMB132,feces,0,Ambakoana,-18.513,48.1665,2/28/18,Pteropus rufus,male,1341,no,A,no
RR034B_013_fecRa,AMB133,feces,0,Ambakoana,-18.513,48.1665,2/28/18,Pteropus rufus,male,1342,no,J,yes
RR034B_014_fecRa,AMB134,feces,0,Ambakoana,-18.513,48.1665,3/1/18,Pteropus rufus,male,1343,no,A,no
RR034B_015_fecRa,AMB135,feces,0,Ambakoana,-18.513,48.1665,3/1/18,Pteropus rufus,male,1344,no,A,no
RR034B_016_fecRa,AMB137,feces,0,Ambakoana,-18.513,48.1665,3/1/18,Pteropus rufus,female,1346,no,J,yes
RR034B_017_fecRa,AMB138,feces,0,Ambakoana,-18.513,48.1665,3/2/18,Pteropus rufus,male,1347,no,A,no
RR034B_018_fecRa,AMB139,feces,0,Ambakoana,-18.513,48.1665,3/2/18,Pteropus rufus,male,1348,no,A,no
RR034B_019_fecRa,AMB140,feces,0,Ambakoana,-18.513,48.1665,4/16/18,Pteropus rufus,female,1349,no,J,yes
RR034B_020_fecRa,AMB141,feces,0,Ambakoana,-18.513,48.1665,4/16/18,Pteropus rufus,male,1350,no,A,no
RR034B_021_fecRa,AMB142,feces,0,Ambakoana,-18.513,48.1665,4/17/18,Pteropus rufus,male,1351,no,J,yes
RR034B_022_fecRa,AMB143,feces,0,Ambakoana,-18.513,48.1665,4/17/18,Pteropus rufus,male,1352,no,A,no
RR034B_023_fecRa,AMB144,feces,0,Ambakoana,-18.513,48.1665,4/17/18,Pteropus rufus,male,1353,no,J,yes
RR034B_024_fecRa,AMB145,feces,0,Ambakoana,-18.513,48.1665,4/18/18,Pteropus rufus,male,1354,no,A,no
RR034B_025_fecRa,AMB146,feces,0,Ambakoana,-18.513,48.1665,4/19/18,Pteropus rufus,male,1355,no,J,yes
RR034B_026_fecRa,AMB147,feces,0,Ambakoana,-18.513,48.1665,4/21/18,Pteropus rufus,male,1356,no,A,no
RR034B_028_fecRa,AMB149,feces,0,Ambakoana,-18.513,48.1665,8/5/18,Pteropus rufus,female,1359,no,NL,no
RR034B_029_fecRa,AMB150,feces,0,Ambakoana,-18.513,48.1665,8/6/18,Pteropus rufus,male,1360,no,A,no
RR034B_030_fecRa,AMB151,feces,0,Ambakoana,-18.513,48.1665,8/7/18,Pteropus rufus,male,1361,no,A,no
RR034B_031_fecRa,AMB152,feces,0,Ambakoana,-18.513,48.1665,8/7/18,Pteropus rufus,male,1362,no,A,no
RR034B_032_fecRa,AMB153,feces,0,Ambakoana,-18.513,48.1665,8/7/18,Pteropus rufus,male,1363,no,J,yes
RR034B_033_fecRa,AMB154,feces,0,Ambakoana,-18.513,48.1665,8/7/18,Pteropus rufus,female,1364,no,J,yes
RR034B_034_fecRa,AMB155,feces,0,Ambakoana,-18.513,48.1665,8/8/18,Pteropus rufus,female,1365,no,NL,no
RR034B_035_fecRa,AMB156,feces,0,Ambakoana,-18.513,48.1665,12/21/18,Pteropus rufus,female,1372,no,L,no
RR034B_036_fecRa,AMB157,feces,0,Ambakoana,-18.513,48.1665,12/24/18,Pteropus rufus,male,1373,no,A,no
RR034B_037_fecRa,AMB158,feces,0,Ambakoana,-18.513,48.1665,1/6/19,Pteropus rufus,male,1374,no,A,no
RR034B_038_fecRa,AMB159,feces,0,Ambakoana,-18.513,48.1665,1/6/19,Pteropus rufus,female,1375,no,A,no
RR034B_039_fecRa,AMB160,feces,0,Ambakoana,-18.513,48.1665,1/7/19,Pteropus rufus,female,1376,no,A,no
RR034B_040_fecRa,ANGB125,feces,0,AngavoBe,-18.944,47.9491,2/14/18,Eidolon dupreanum,male,1100,no,A,no
RR034B_042_fecRa,ANGB127,feces,0,AngavoBe,-18.944,47.9491,2/14/18,Eidolon dupreanum,male,1098,no,A,no
RR034B_043_fecRa,ANGB128,feces,0,AngavoBe,-18.944,47.9491,2/14/18,Eidolon dupreanum,male,1097,no,A,no
RR034B_044_fecRa,ANGB129,feces,0,AngavoBe,-18.944,47.9491,2/14/18,Eidolon dupreanum,female,1096,no,NL,no
RR034B_045_fecRa,ANGB130,feces,0,AngavoBe,-18.944,47.9491,2/14/18,Eidolon dupreanum,female,,no,NL,no
RR034B_046_fecRa,ANGB131,feces,0,AngavoBe,-18.944,47.9491,2/14/18,Eidolon dupreanum,female,,no,NL,no
RR034B_047_fecRa,ANGB132,feces,0,AngavoBe,-18.944,47.9491,2/14/18,Eidolon dupreanum,male,,no,A,no
RR034B_048_fecRa,ANGB133,feces,0,AngavoBe,-18.944,47.9491,2/14/18,Eidolon dupreanum,female,1095,no,NL,no
RR034B_049_fecRa,ANGB134,feces,0,AngavoBe,-18.944,47.9491,4/9/18,Eidolon dupreanum,female,1064,no,NL,no
RR034B_050_fecRa,ANGB135,feces,0,AngavoBe,-18.944,47.9491,4/9/18,Eidolon dupreanum,female,1063,no,NL,no
RR034B_051_fecRa,ANGB136,feces,0,AngavoBe,-18.944,47.9491,4/9/18,Eidolon dupreanum,female,1062,no,NL,no
RR034B_052_fecRa,ANGB137,feces,1,AngavoBe,-18.944,47.9491,4/9/18,Eidolon dupreanum,female,1061,no,NL,no
RR034B_053_fecRa,ANGB138,feces,0,AngavoBe,-18.944,47.9491,4/9/18,Eidolon dupreanum,female,1060,no,NL,no
RR034B_054_fecRa,ANGB139,feces,0,AngavoBe,-18.944,47.9491,4/9/18,Eidolon dupreanum,female,1059,no,NL,no
RR034B_055_fecRa,ANGB140,feces,0,AngavoBe,-18.944,47.9491,4/9/18,Eidolon dupreanum,female,1058,no,NL,no
RR034B_056_fecRa,ANGB141,feces,0,AngavoBe,-18.944,47.9491,4/9/18,Eidolon dupreanum,female,1057,no,NL,no
RR034B_057_fecRa,ANGB142,feces,0,AngavoBe,-18.944,47.9491,4/9/18,Eidolon dupreanum,male,1056,no,A,no
RR034B_058_fecRa,ANGB143,feces,0,AngavoBe,-18.944,47.9491,7/27/18,Eidolon dupreanum,female,951,no,NL,no
RR034B_059_fecRa,ANGB144,feces,0,AngavoBe,-18.944,47.9491,7/27/18,Eidolon dupreanum,female,952,no,NL,no
RR034B_060_fecRa,ANGB145,feces,0,AngavoBe,-18.944,47.9491,7/27/18,Eidolon dupreanum,female,953,no,NL,no
RR034B_061_fecRa,ANGB146,feces,0,AngavoBe,-18.944,47.9491,7/27/18,Eidolon dupreanum,male,954,no,J,yes
RR034B_062_fecRa,ANGB147,feces,0,AngavoBe,-18.944,47.9491,7/27/18,Eidolon dupreanum,female,955,no,NL,no
RR034B_063_fecRa,ANGB148,feces,0,AngavoBe,-18.944,47.9491,7/27/18,Eidolon dupreanum,female,956,no,NL,no
RR034B_064_fecRa,ANGB149,feces,0,AngavoBe,-18.944,47.9491,7/27/18,Eidolon dupreanum,female,957,yes,NL,no
RR034B_065_fecRa,ANGB150,feces,0,AngavoBe,-18.944,47.9491,7/27/18,Eidolon dupreanum,female,958,no,NL,no
RR034B_066_fecRa,ANGB151,feces,0,AngavoBe,-18.944,47.9491,7/27/18,Eidolon dupreanum,female,959,no,NL,no
RR034B_067_fecRa,ANGB152,feces,0,AngavoBe,-18.944,47.9491,7/27/18,Eidolon dupreanum,female,960,no,NL,no
RR034B_068_fecRa,ANGB153,feces,0,AngavoBe,-18.944,47.9491,7/27/18,Eidolon dupreanum,female,961,no,NL,no
RR034B_069_fecRa,ANGB154,feces,0,AngavoBe,-18.944,47.9491,7/27/18,Eidolon dupreanum,female,962,no,NL,no
RR034B_070_fecRa,ANGB155,feces,0,AngavoBe,-18.944,47.9491,7/27/18,Eidolon dupreanum,female,963,no,NL,no
RR034B_071_fecRa,ANGB156,feces,0,AngavoBe,-18.944,47.9491,9/9/18,Eidolon dupreanum,male,9.56E+13,yes,A,no
RR034B_072_fecRa,ANGB157,feces,0,AngavoBe,-18.944,47.9491,9/9/18,Eidolon dupreanum,male,1024,yes,A,no
RR034B_073_fecRa,ANGB158,feces,0,AngavoBe,-18.944,47.9491,9/9/18,Eidolon dupreanum,female,1023,no,P,no
RR034B_074_fecRa,ANGB159,feces,0,AngavoBe,-18.944,47.9491,9/9/18,Eidolon dupreanum,female,1022,no,P,no
RR034B_075_fecRa,ANGB160,feces,0,AngavoBe,-18.944,47.9491,9/9/18,Eidolon dupreanum,male,1021,no,A,no
RR034B_076_fecRa,ANGB161,feces,0,AngavoBe,-18.944,47.9491,9/9/18,Eidolon dupreanum,male,1020,yes,A,no
RR034B_078_fecRa,ANGB163,feces,0,AngavoBe,-18.944,47.9491,9/9/18,Eidolon dupreanum,male,1018,no,A,no
RR034B_079_fecRa,KEL148,feces,0,AngavoKely,-18.9327,47.7578,2/15/18,Eidolon dupreanum,male,1093,no,A,no
RR034B_080_fecRa,KEL150,feces,0,AngavoKely,-18.9327,47.7578,2/15/18,Eidolon dupreanum,female,1092,no,NL,no
RR034B_081_fecRa,KEL151,feces,0,AngavoKely,-18.9327,47.7578,2/15/18,Eidolon dupreanum,female,1091,no,NL,no
RR034B_082_fecRa,KEL152,feces,0,AngavoKely,-18.9327,47.7578,2/15/18,Eidolon dupreanum,female,1090,no,NL,no
RR034B_083_fecRa,KEL153,feces,0,AngavoKely,-18.9327,47.7578,2/15/18,Eidolon dupreanum,female,1089,no,NL,no
RR034B_084_fecRa,KEL154,feces,0,AngavoKely,-18.9327,47.7578,2/15/18,Eidolon dupreanum,female,1088,no,NL,no
RR034B_085_fecRa,KEL155,feces,0,AngavoKely,-18.9327,47.7578,2/15/18,Eidolon dupreanum,female,1087,no,NL,no
RR034B_086_fecRa,KEL156,feces,0,AngavoKely,-18.9327,47.7578,2/15/18,Eidolon dupreanum,male,1086_969,yes,A,no
RR034B_087_fecRa,KEL157,feces,0,AngavoKely,-18.9327,47.7578,2/15/18,Eidolon dupreanum,female,1085,no,NL,no
RR034B_088_fecRa,KEL158,feces,0,AngavoKely,-18.9327,47.7578,2/15/18,Eidolon dupreanum,female,1084,no,J,yes
RR034B_089_fecRa,KEL159,feces,0,AngavoKely,-18.9327,47.7578,2/15/18,Eidolon dupreanum,male,1083,no,J,yes
RR034B_090_fecRa,KEL160,feces,0,AngavoKely,-18.9327,47.7578,2/15/18,Eidolon dupreanum,female,1082,no,NL,no
RR034B_091_fecRa,KEL161,feces,0,AngavoKely,-18.9327,47.7578,2/15/18,Eidolon dupreanum,male,1081,no,A,no
RR034B_092_fecRa,KEL162,feces,0,AngavoKely,-18.9327,47.7578,2/15/18,Eidolon dupreanum,female,1080,no,NL,no
RR034B_093_fecRa,KEL163,feces,0,AngavoKely,-18.9327,47.7578,2/15/18,Eidolon dupreanum,female,1079,no,NL,no
RR034B_094_fecRa,KEL164,feces,0,AngavoKely,-18.9327,47.7578,2/15/18,Eidolon dupreanum,female,1078,no,J,yes
RR034B_095_fecRa,KEL165,feces,0,AngavoKely,-18.9327,47.7578,2/15/18,Eidolon dupreanum,female,1077,no,NL,no
RR034B_096_fecRa,KEL166,feces,0,AngavoKely,-18.9327,47.7578,2/15/18,Eidolon dupreanum,female,1075,no,J,yes
RR034B_097_fecRa,KEL167,feces,0,AngavoKely,-18.9327,47.7578,2/15/18,Eidolon dupreanum,female,1074,no,NL,no
RR034B_098_fecRa,KEL168,feces,0,AngavoKely,-18.9327,47.7578,2/15/18,Eidolon dupreanum,female,1073,no,NL,no
RR034B_099_fecRa,KEL169,feces,0,AngavoKely,-18.9327,47.7578,2/15/18,Eidolon dupreanum,male,1072,no,J,yes
RR034B_100_fecRa,KEL170,feces,0,AngavoKely,-18.9327,47.7578,2/15/18,Eidolon dupreanum,female,1070,no,NL,no
RR034B_101_fecRa,KEL171,feces,0,AngavoKely,-18.9327,47.7578,2/15/18,Eidolon dupreanum,male,1071,no,J,yes
RR034B_102_fecRa,KEL172,feces,0,AngavoKely,-18.9327,47.7578,2/15/18,Eidolon dupreanum,female,,no,NL,no
RR034B_103_fecRa,KEL173,feces,0,AngavoKely,-18.9327,47.7578,2/15/18,Eidolon dupreanum,female,,no,NL,no
RR034B_104_fecRa,KEL174,feces,0,AngavoKely,-18.9327,47.7578,2/16/18,Eidolon dupreanum,female,1069,no,NL,no
RR034B_105_fecRa,KEL175,feces,0,AngavoKely,-18.9327,47.7578,2/16/18,Eidolon dupreanum,female,1068,no,NL,no
RR034B_106_fecRa,KEL176,feces,0,AngavoKely,-18.9327,47.7578,2/16/18,Eidolon dupreanum,female,1067,yes,NL,no
RR034B_108_fecRa,KEL178,feces,0,AngavoKely,-18.9327,47.7578,2/16/18,Eidolon dupreanum,female,1065,no,NL,no
RR034B_109_fecRa,KEL179,feces,0,AngavoKely,-18.9327,47.7578,2/16/18,Eidolon dupreanum,male,9.56E+14,yes,A,no
RR034B_110_fecRa,KEL180,feces,0,AngavoKely,-18.9327,47.7578,4/9/18,Eidolon dupreanum,female,1055,no,NL,no
RR034B_111_fecRa,KEL181,feces,0,AngavoKely,-18.9327,47.7578,4/9/18,Eidolon dupreanum,male,1054,no,A,no
RR034B_112_fecRa,KEL182,feces,0,AngavoKely,-18.9327,47.7578,4/9/18,Eidolon dupreanum,female,1053,no,NL,no
RR034B_115_fecRa,KEL185,feces,0,AngavoKely,-18.9327,47.7578,4/10/18,Eidolon dupreanum,female,1049,no,NL,no
RR034B_116_fecRa,KEL186,feces,0,AngavoKely,-18.9327,47.7578,4/10/18,Eidolon dupreanum,female,1048,no,NL,no
RR034B_118_fecRa,KEL188,feces,0,AngavoKely,-18.9327,47.7578,4/10/18,Eidolon dupreanum,female,1046,no,NL,no
RR034B_119_fecRa,KEL189,feces,0,AngavoKely,-18.9327,47.7578,4/10/18,Eidolon dupreanum,female,244,yes,NL,no
RR034B_120_fecRa,KEL190,feces,0,AngavoKely,-18.9327,47.7578,4/10/18,Eidolon dupreanum,female,1045,no,NL,no
RR034B_121_fecRa,KEL191,feces,0,AngavoKely,-18.9327,47.7578,4/10/18,Eidolon dupreanum,female,1044,no,NL,no
RR034B_122_fecRa,KEL192,feces,0,AngavoKely,-18.9327,47.7578,4/10/18,Eidolon dupreanum,female,1043,no,NL,no
RR034B_123_fecRa,KEL193,feces,0,AngavoKely,-18.9327,47.7578,4/10/18,Eidolon dupreanum,female,1042,no,J,yes
RR034B_124_fecRa,KEL194,feces,0,AngavoKely,-18.9327,47.7578,4/10/18,Eidolon dupreanum,female,1041,no,NL,no
RR034B_125_fecRa,KEL195,feces,0,AngavoKely,-18.9327,47.7578,4/10/18,Eidolon dupreanum,male,9.56E+14,yes,A,no
RR034B_126_fecRa,KEL196,feces,0,AngavoKely,-18.9327,47.7578,4/10/18,Eidolon dupreanum,female,1040,no,NL,no
RR034B_127_fecRa,KEL197,feces,0,AngavoKely,-18.9327,47.7578,4/10/18,Eidolon dupreanum,female,1039,no,NL,no
RR034B_128_fecRa,KEL198,feces,0,AngavoKely,-18.9327,47.7578,4/10/18,Eidolon dupreanum,male,9.56E+14,yes,A,no
RR034B_129_fecRa,KEL199,feces,0,AngavoKely,-18.9327,47.7578,4/10/18,Eidolon dupreanum,female,1037,no,NL,no
RR034B_130_fecRa,KEL200,feces,0,AngavoKely,-18.9327,47.7578,4/10/18,Eidolon dupreanum,female,1036,no,NL,no
RR034B_131_fecRa,KEL201,feces,0,AngavoKely,-18.9327,47.7578,4/10/18,Eidolon dupreanum,female,1035,no,NL,no
RR034B_132_fecRa,KEL202,feces,0,AngavoKely,-18.9327,47.7578,4/10/18,Eidolon dupreanum,female,1034,no,NL,no
RR034B_133_fecRa,KEL203,feces,0,AngavoKely,-18.9327,47.7578,4/10/18,Eidolon dupreanum,female,1033,no,NL,no
RR034B_134_fecRa,KEL204,feces,0,AngavoKely,-18.9327,47.7578,4/10/18,Eidolon dupreanum,female,1032,yes,NL,no
RR034B_135_fecRa,KEL205,feces,0,AngavoKely,-18.9327,47.7578,4/10/18,Eidolon dupreanum,female,1031,no,NL,no
RR034B_136_fecRa,KEL206,feces,0,AngavoKely,-18.9327,47.7578,4/10/18,Eidolon dupreanum,female,1030,yes,J,yes
RR034B_137_fecRa,KEL207,feces,0,AngavoKely,-18.9327,47.7578,4/10/18,Eidolon dupreanum,female,1029,no,NL,no
RR034B_138_fecRa,KEL208,feces,0,AngavoKely,-18.9327,47.7578,4/10/18,Eidolon dupreanum,female,799,yes,NL,no
RR034B_139_fecRa,KEL209,feces,0,AngavoKely,-18.9327,47.7578,4/10/18,Eidolon dupreanum,female,1028,no,NL,no
RR034B_140_fecRa,KEL210,feces,0,AngavoKely,-18.9327,47.7578,4/10/18,Eidolon dupreanum,female,1027,no,NL,no
RR034B_141_fecRa,KEL211,feces,0,AngavoKely,-18.9327,47.7578,4/10/18,Eidolon dupreanum,female,1026,no,NL,no
RR034B_142_fecRa,KEL212,feces,0,AngavoKely,-18.9327,47.7578,4/10/18,Eidolon dupreanum,female,1025,no,NL,no
RR034B_143_fecRa,KEL213,feces,0,AngavoKely,-18.9327,47.7578,7/27/18,Eidolon dupreanum,male,964_1609,yes,A,no
RR034B_145_fecRa,KEL215,feces,1,AngavoKely,-18.9327,47.7578,7/27/18,Eidolon dupreanum,female,967,no,J,yes
RR034B_146_fecRa,KEL216,feces,0,AngavoKely,-18.9327,47.7578,7/27/18,Eidolon dupreanum,female,968,no,NL,no
RR034B_147_fecRa,KEL217,feces,0,AngavoKely,-18.9327,47.7578,7/27/18,Eidolon dupreanum,male,1086_969,yes,A,no
RR034B_148_fecRa,KEL218,feces,0,AngavoKely,-18.9327,47.7578,7/27/18,Eidolon dupreanum,female,970,no,NL,no
RR034B_149_fecRa,KEL219,feces,0,AngavoKely,-18.9327,47.7578,7/27/18,Eidolon dupreanum,male,971,no,A,no
RR034B_150_fecRa,KEL220,feces,0,AngavoKely,-18.9327,47.7578,7/27/18,Eidolon dupreanum,male,972,no,A,no
RR034B_151_fecRa,KEL221,feces,0,AngavoKely,-18.9327,47.7578,7/27/18,Eidolon dupreanum,male,973,no,J,yes
RR034B_152_fecRa,KEL222,feces,0,AngavoKely,-18.9327,47.7578,7/27/18,Eidolon dupreanum,female,974,no,NL,no
RR034B_153_fecRa,KEL223,feces,0,AngavoKely,-18.9327,47.7578,7/27/18,Eidolon dupreanum,male,975,no,A,no
RR034B_154_fecRa,KEL224,feces,0,AngavoKely,-18.9327,47.7578,7/27/18,Eidolon dupreanum,male,9.56E+14,yes,A,no
RR034B_155_fecRa,KEL225,feces,0,AngavoKely,-18.9327,47.7578,7/27/18,Eidolon dupreanum,male,977,yes,A,no
RR034B_156_fecRa,KEL226,feces,0,AngavoKely,-18.9327,47.7578,7/27/18,Eidolon dupreanum,male,9.56E+14,yes,A,no
RR034B_157_fecRa,KEL227,feces,0,AngavoKely,-18.9327,47.7578,7/27/18,Eidolon dupreanum,female,978,no,NL,no
RR034B_158_fecRa,KEL228,feces,0,AngavoKely,-18.9327,47.7578,7/27/18,Eidolon dupreanum,female,979,no,J,yes
RR034B_159_fecRa,KEL229,feces,0,AngavoKely,-18.9327,47.7578,7/27/18,Eidolon dupreanum,male,980,no,A,no
RR034B_160_fecRa,KEL230,feces,0,AngavoKely,-18.9327,47.7578,7/27/18,Eidolon dupreanum,male,981,yes,A,no
RR034B_161_fecRa,KEL231,feces,0,AngavoKely,-18.9327,47.7578,7/27/18,Eidolon dupreanum,male,9.56E+14,yes,A,no
RR034B_162_fecRa,KEL232,feces,0,AngavoKely,-18.9327,47.7578,7/27/18,Eidolon dupreanum,male,983,no,A,no
RR034B_163_fecRa,KEL233,feces,0,AngavoKely,-18.9327,47.7578,7/27/18,Eidolon dupreanum,male,984,no,A,no
RR034B_164_fecRa,KEL234,feces,0,AngavoKely,-18.9327,47.7578,7/27/18,Eidolon dupreanum,male,985,no,A,no
RR034B_165_fecRa,KEL236,feces,0,AngavoKely,-18.9327,47.7578,7/27/18,Eidolon dupreanum,male,987,no,J,yes
RR034B_166_fecRa,KEL238,feces,0,AngavoKely,-18.9327,47.7578,7/27/18,Eidolon dupreanum,female,989,no,NL,no
RR034B_167_fecRa,KEL239,feces,0,AngavoKely,-18.9327,47.7578,1/6/19,Eidolon dupreanum,female,1606,no,A,no
RR034B_168_fecRa,KEL240,feces,0,AngavoKely,-18.9327,47.7578,1/6/19,Eidolon dupreanum,female,1602,NA,A,no
RR034B_169_fecRa,KEL241,feces,0,AngavoKely,-18.9327,47.7578,1/6/19,Eidolon dupreanum,female,957,yes,NL,no
RR034B_171_fecRa,KEL243,feces,0,AngavoKely,-18.9327,47.7578,1/6/19,Eidolon dupreanum,male,964_1609,yes,A,no
RR034B_172_fecRa,KEL244,feces,0,AngavoKely,-18.9327,47.7578,1/6/19,Eidolon dupreanum,female,1621,no,NL,no
RR034B_173_fecRa,KEL245,feces,0,AngavoKely,-18.9327,47.7578,1/6/19,Eidolon dupreanum,male,1607,yes,A,no
RR034B_174_fecRa,KEL246,feces,0,AngavoKely,-18.9327,47.7578,1/6/19,Eidolon dupreanum,male,1604_1,no,A,no
RR034B_175_fecRa,KEL247,feces,0,AngavoKely,-18.9327,47.7578,1/6/19,Eidolon dupreanum,female,1622,no,NL,no
RR034B_176_fecRa,KEL248,feces,0,AngavoKely,-18.9327,47.7578,1/6/19,Eidolon dupreanum,male,9.56E+14,yes,A,no
RR034B_177_fecRa,KEL249,feces,0,AngavoKely,-18.9327,47.7578,1/6/19,Eidolon dupreanum,male,1614_1,NA,A,no
RR034B_178_fecRa,KEL250,feces,0,AngavoKely,-18.9327,47.7578,1/6/19,Eidolon dupreanum,male,1616,yes,A,no
RR034B_179_fecRa,KEL251,feces,0,AngavoKely,-18.9327,47.7578,1/6/19,Eidolon dupreanum,female,1610_1,no,NL,no
RR034B_180_fecRa,KEL252,feces,0,AngavoKely,-18.9327,47.7578,1/6/19,Eidolon dupreanum,male,354,yes,A,no
RR034B_181_fecRa,KEL253,feces,0,AngavoKely,-18.9327,47.7578,1/6/19,Eidolon dupreanum,male,,no,A,no
RR034B_182_fecRa,KEL254,feces,0,AngavoKely,-18.9327,47.7578,1/6/19,Eidolon dupreanum,male,,no,A,no
RR034B_183_fecRa,KEL266,feces,0,AngavoKely,-18.9327,47.7578,1/7/19,Eidolon dupreanum,female,1611,no,NL,no
RR034B_184_fecRa,KEL267,feces,0,AngavoKely,-18.9327,47.7578,1/7/19,Eidolon dupreanum,male,347,yes,A,no
RR034B_185_fecRa,KEL268,feces,0,AngavoKely,-18.9327,47.7578,1/7/19,Eidolon dupreanum,male,9.56E+14,yes,A,no
RR034B_186_fecRa,KEL269,feces,0,AngavoKely,-18.9327,47.7578,1/7/19,Eidolon dupreanum,male,332,yes,A,no
RR034B_187_fecRa,KEL270,feces,0,AngavoKely,-18.9327,47.7578,1/7/19,Eidolon dupreanum,female,1605,no,NL,no
RR034B_188_fecRa,KEL271,feces,0,AngavoKely,-18.9327,47.7578,1/7/19,Eidolon dupreanum,female,,no,NL,no
RR034B_189_fecRa,KEL272,feces,0,AngavoKely,-18.9327,47.7578,1/7/19,Eidolon dupreanum,male,1620,no,A,no
RR034B_190_fecRa,KEL273,feces,0,AngavoKely,-18.9327,47.7578,1/7/19,Eidolon dupreanum,male,977,yes,A,no
RR034B_191_fecRa,KEL274,feces,0,AngavoKely,-18.9327,47.7578,1/7/19,Eidolon dupreanum,female,1603,no,NL,no
RR034B_192_fecRa,KEL275,feces,0,AngavoKely,-18.9327,47.7578,1/7/19,Eidolon dupreanum,male,9.56E+14,yes,A,no
RR034B_193_fecRa,MIZ135,feces,0,Maromizaha,-18.9623,48.4525,2/18/18,Rousettus madagascariensis,female,M1,no,J,yes
RR034B_194_fecRa,MIZ136,feces,0,Maromizaha,-18.9623,48.4525,2/18/18,Rousettus madagascariensis,female,M2,no,L,no
RR034B_195_fecRa,MIZ137,feces,0,Maromizaha,-18.9623,48.4525,2/18/18,Rousettus madagascariensis,female,NA,no,J,no
RR034B_196_fecRa,MIZ138,feces,0,Maromizaha,-18.9623,48.4525,2/18/18,Rousettus madagascariensis,female,M3,yes,NL,no
RR034B_197_fecRa,MIZ140,feces,0,Maromizaha,-18.9623,48.4525,2/18/18,Rousettus madagascariensis,female,M5,no,L,no
RR034B_198_fecRa,MIZ141,feces,0,Maromizaha,-18.9623,48.4525,2/18/18,Rousettus madagascariensis,male,M6,no,J,yes
RR034B_199_fecRa,MIZ142,feces,0,Maromizaha,-18.9623,48.4525,2/18/18,Rousettus madagascariensis,male,M7,no,A,no
RR034B_200_fecRa,MIZ143,feces,0,Maromizaha,-18.9623,48.4525,2/18/18,Rousettus madagascariensis,female,M8,no,NL,no
RR034B_201_fecRa,MIZ145,feces,0,Maromizaha,-18.9623,48.4525,2/18/18,Rousettus madagascariensis,female,M10,no,L,no
RR034B_202_fecRa,MIZ146,feces,0,Maromizaha,-18.9623,48.4525,2/18/18,Rousettus madagascariensis,male,M11,no,A,no
RR034B_203_fecRa,MIZ147,feces,0,Maromizaha,-18.9623,48.4525,2/18/18,Rousettus madagascariensis,female,M12,no,NL,no
RR034B_204_fecRa,MIZ148,feces,0,Maromizaha,-18.9623,48.4525,2/18/18,Rousettus madagascariensis,male,M13,no,A,no
RR034B_205_fecRa,MIZ149,feces,0,Maromizaha,-18.9623,48.4525,2/18/18,Rousettus madagascariensis,female,M14,no,NL,no
RR034B_206_fecRa,MIZ150,feces,0,Maromizaha,-18.9623,48.4525,2/18/18,Rousettus madagascariensis,female,M15,no,NL,no
RR034B_207_fecRa,MIZ151,feces,0,Maromizaha,-18.9623,48.4525,2/18/18,Rousettus madagascariensis,male,M16,no,A,no
RR034B_208_fecRa,MIZ152,feces,0,Maromizaha,-18.9623,48.4525,2/18/18,Rousettus madagascariensis,female,M17,no,NL,no
RR034B_209_fecRa,MIZ153,feces,0,Maromizaha,-18.9623,48.4525,2/19/18,Rousettus madagascariensis,male,M18,no,J,yes
RR034B_210_fecRa,MIZ154,feces,0,Maromizaha,-18.9623,48.4525,2/19/18,Rousettus madagascariensis,female,NA,no,L,no
RR034B_211_fecRa,MIZ155,feces,0,Maromizaha,-18.9623,48.4525,2/19/18,Rousettus madagascariensis,female,M19,no,L,no
RR034B_212_fecRa,MIZ156,feces,0,Maromizaha,-18.9623,48.4525,2/19/18,Rousettus madagascariensis,female,M20,no,J,yes
RR034B_213_fecRa,MIZ158,feces,0,Maromizaha,-18.9623,48.4525,2/19/18,Rousettus madagascariensis,female,M22,no,J,yes
RR034B_214_fecRa,MIZ159,feces,0,Maromizaha,-18.9623,48.4525,2/19/18,Rousettus madagascariensis,female,M23,no,L,no
RR034B_215_fecRa,MIZ160,feces,0,Maromizaha,-18.9623,48.4525,2/19/18,Rousettus madagascariensis,female,M24,no,J,yes
RR034B_216_fecRa,MIZ161,feces,0,Maromizaha,-18.9623,48.4525,2/19/18,Rousettus madagascariensis,female,M26,no,NL,no
RR034B_217_fecRa,MIZ162,feces,0,Maromizaha,-18.9623,48.4525,2/19/18,Rousettus madagascariensis,female,M25,no,NL,no
RR034B_218_fecRa,MIZ163,feces,0,Maromizaha,-18.9623,48.4525,2/19/18,Rousettus madagascariensis,female,NA,no,NL,no
RR034B_220_fecRa,MIZ165,feces,0,Maromizaha,-18.9623,48.4525,4/13/18,Rousettus madagascariensis,female,,no,NL,no
RR034B_221_fecRa,MIZ167,feces,0,Maromizaha,-18.9623,48.4525,4/13/18,Rousettus madagascariensis,female,M3,yes,NL,no
RR034B_223_fecRa,MIZ169,feces,0,Maromizaha,-18.9623,48.4525,4/13/18,Rousettus madagascariensis,male,,no,A,no
RR034B_224_fecRa,MIZ170,feces,0,Maromizaha,-18.9623,48.4525,4/13/18,Rousettus madagascariensis,male,,no,A,no
RR034B_225_fecRa,MIZ171,feces,0,Maromizaha,-18.9623,48.4525,4/13/18,Rousettus madagascariensis,male,,no,A,no
RR034B_226_fecRa,MIZ172,feces,0,Maromizaha,-18.9623,48.4525,4/13/18,Rousettus madagascariensis,male,,no,A,no
RR034B_227_fecRa,MIZ173,feces,0,Maromizaha,-18.9623,48.4525,4/13/18,Rousettus madagascariensis,female,,no,NL,no
RR034B_228_fecRa,MIZ174,feces,0,Maromizaha,-18.9623,48.4525,4/13/18,Rousettus madagascariensis,male,,no,A,no
RR034B_229_fecRa,MIZ175,feces,0,Maromizaha,-18.9623,48.4525,4/13/18,Rousettus madagascariensis,female,,no,NL,no
RR034B_230_fecRa,MIZ176,feces,0,Maromizaha,-18.9623,48.4525,4/13/18,Rousettus madagascariensis,male,,no,J,yes
RR034B_231_fecRa,MIZ177,feces,0,Maromizaha,-18.9623,48.4525,4/13/18,Rousettus madagascariensis,female,,no,NL,no
RR034B_232_fecRa,MIZ178,feces,0,Maromizaha,-18.9623,48.4525,4/14/18,Rousettus madagascariensis,male,,no,A,no
RR034B_233_fecRa,MIZ179,feces,0,Maromizaha,-18.9623,48.4525,4/14/18,Rousettus madagascariensis,male,,no,A,no
RR034B_234_fecRa,MIZ180,feces,0,Maromizaha,-18.9623,48.4525,4/14/18,Rousettus madagascariensis,male,,no,A,no
RR034B_235_fecRa,MIZ181,feces,0,Maromizaha,-18.9623,48.4525,4/14/18,Rousettus madagascariensis,male,,no,A,no
RR034B_235_fecRb,MIZ181,feces,0,Maromizaha,-18.9623,48.4525,4/14/18,Rousettus madagascariensis,male,,no,A,no
RR034B_236_fecRa,MIZ183,feces,0,Maromizaha,-18.9623,48.4525,4/14/18,Rousettus madagascariensis,male,,no,A,no
RR034B_237_fecRa,MIZ184,feces,0,Maromizaha,-18.9623,48.4525,4/14/18,Rousettus madagascariensis,female,,no,NL,no
RR034B_238_fecRa,MIZ185,feces,0,Maromizaha,-18.9623,48.4525,4/14/18,Rousettus madagascariensis,male,,no,A,no
RR034B_239_fecRa,MIZ186,feces,0,Maromizaha,-18.9623,48.4525,4/14/18,Rousettus madagascariensis,male,,no,A,no
RR034B_239_fecRa,MIZ186,feces,0,Maromizaha,-18.9623,48.4525,4/14/18,Rousettus madagascariensis,male,,no,A,no
RR034B_239_fecRb,MIZ186,feces,0,Maromizaha,-18.9623,48.4525,4/14/18,Rousettus madagascariensis,male,,no,A,no
RR034B_242_fecRa,MIZ188,feces,0,Maromizaha,-18.9623,48.4525,7/29/18,Rousettus madagascariensis,male,M30,no,A,no
RR034B_243_fecRa,MIZ189,feces,0,Maromizaha,-18.9623,48.4525,7/29/18,Rousettus madagascariensis,female,M31,no,NL,no
RR034B_244_fecRa,MIZ190,feces,0,Maromizaha,-18.9623,48.4525,7/29/18,Rousettus madagascariensis,male,M32,no,A,no
RR034B_246_fecRa,MIZ192,feces,0,Maromizaha,-18.9623,48.4525,7/29/18,Rousettus madagascariensis,female,M34,no,NL,no
RR034B_247_fecRa,MIZ193,feces,0,Maromizaha,-18.9623,48.4525,7/29/18,Rousettus madagascariensis,female,M35,no,J,yes
RR034B_248_fecRa,MIZ194,feces,0,Maromizaha,-18.9623,48.4525,7/29/18,Rousettus madagascariensis,female,M36,no,NL,no
RR034B_249_fecRa,MIZ195,feces,0,Maromizaha,-18.9623,48.4525,7/29/18,Rousettus madagascariensis,female,M37,no,NL,no
RR034B_250_fecRa,MIZ196,feces,0,Maromizaha,-18.9623,48.4525,7/29/18,Rousettus madagascariensis,male,M38,no,A,no
RR034B_251_fecRa,MIZ197,feces,0,Maromizaha,-18.9623,48.4525,7/29/18,Rousettus madagascariensis,female,M39,no,NL,no
RR034B_252_fecRa,MIZ198,feces,0,Maromizaha,-18.9623,48.4525,7/29/18,Rousettus madagascariensis,male,M40,no,A,no
RR034B_253_fecRa,MIZ199,feces,0,Maromizaha,-18.9623,48.4525,7/29/18,Rousettus madagascariensis,female,M41,no,NL,no
RR034B_254_fecRa,MIZ200,feces,0,Maromizaha,-18.9623,48.4525,7/29/18,Rousettus madagascariensis,male,M42,no,A,no
RR034B_255_fecRa,MIZ201,feces,0,Maromizaha,-18.9623,48.4525,7/29/18,Rousettus madagascariensis,female,M43,no,NL,no
RR034B_256_fecRa,MIZ202,feces,0,Maromizaha,-18.9623,48.4525,7/29/18,Rousettus madagascariensis,female,M44,no,NL,no
RR034B_257_fecRa,MIZ203,feces,0,Maromizaha,-18.9623,48.4525,7/29/18,Rousettus madagascariensis,female,M45,no,NL,no
RR034B_258_fecRa,MIZ204,feces,0,Maromizaha,-18.9623,48.4525,7/29/18,Rousettus madagascariensis,male,M46,no,A,no
RR034B_259_fecRa,MIZ205,feces,0,Maromizaha,-18.9623,48.4525,7/29/18,Rousettus madagascariensis,male,M47,no,A,no
RR034B_260_fecRa,MIZ206,feces,0,Maromizaha,-18.9623,48.4525,7/29/18,Rousettus madagascariensis,male,M48,no,A,no
RR034B_261_fecRa,MIZ207,feces,0,Maromizaha,-18.9623,48.4525,7/29/18,Rousettus madagascariensis,female,M49,no,NL,no
RR034B_262_fecRa,MIZ208,feces,0,Maromizaha,-18.9623,48.4525,7/29/18,Rousettus madagascariensis,male,M50,no,A,no
RR034B_263_fecRa,MIZ209,feces,0,Maromizaha,-18.9623,48.4525,7/29/18,Rousettus madagascariensis,male,M51,no,A,no
RR034B_264_fecRa,MIZ210,feces,0,Maromizaha,-18.9623,48.4525,7/29/18,Rousettus madagascariensis,male,M52,no,A,no
RR034B_265_fecRa,MIZ211,feces,0,Maromizaha,-18.9623,48.4525,7/29/18,Rousettus madagascariensis,male,M53,no,A,no
RR034B_266_fecRa,MIZ212,feces,0,Maromizaha,-18.9623,48.4525,7/29/18,Rousettus madagascariensis,female,M54,no,NL,no
RR034B_267_fecRa,MIZ213,feces,0,Maromizaha,-18.9623,48.4525,7/29/18,Rousettus madagascariensis,male,M56,no,A,no
RR034B_268_fecRa,MIZ214,feces,0,Maromizaha,-18.9623,48.4525,9/11/18,Rousettus madagascariensis,male,M57,no,A,no
RR034B_269_fecRa,MIZ215,feces,0,Maromizaha,-18.9623,48.4525,9/11/18,Rousettus madagascariensis,male,M58,no,A,no
RR034B_270_fecRa,MIZ218,feces,0,Maromizaha,-18.9623,48.4525,9/11/18,Rousettus madagascariensis,male,M61,no,A,no
RR034B_271_fecRa,MIZ219,feces,0,Maromizaha,-18.9623,48.4525,9/11/18,Rousettus madagascariensis,male,M62,no,A,no
RR034B_272_fecRa,MIZ220,feces,0,Maromizaha,-18.9623,48.4525,9/11/18,Rousettus madagascariensis,male,M63,no,A,no
RR034B_273_fecRa,MIZ221,feces,0,Maromizaha,-18.9623,48.4525,9/11/18,Rousettus madagascariensis,male,M64,no,A,no
RR034B_274_fecRa,MIZ222,feces,0,Maromizaha,-18.9623,48.4525,9/11/18,Rousettus madagascariensis,female,M65,no,NL,no
RR034B_275_fecRa,MIZ223,feces,0,Maromizaha,-18.9623,48.4525,9/11/18,Rousettus madagascariensis,female,M66,no,NL,no
RR034B_276_fecRa,MIZ226,feces,0,Maromizaha,-18.9623,48.4525,9/11/18,Rousettus madagascariensis,male,M69,no,A,no
RR034B_277_fecRa,MIZ227,feces,0,Maromizaha,-18.9623,48.4525,9/11/18,Rousettus madagascariensis,female,M70,no,P,no
RR034B_278_fecRa,MIZ228,feces,0,Maromizaha,-18.9623,48.4525,9/11/18,Rousettus madagascariensis,female,M71,no,P,no
RR034B_279_fecRa,MIZ229,feces,0,Maromizaha,-18.9623,48.4525,9/11/18,Rousettus madagascariensis,female,M72,no,NL,no
RR034B_280_fecRa,MIZ230,feces,0,Maromizaha,-18.9623,48.4525,9/11/18,Rousettus madagascariensis,male,M73,no,A,no
RR034B_281_fecRa,MIZ231,feces,0,Maromizaha,-18.9623,48.4525,9/11/18,Rousettus madagascariensis,female,M74,no,J,yes
RR034B_282_fecRa,MIZ232,feces,0,Maromizaha,-18.9623,48.4525,9/11/18,Rousettus madagascariensis,female,M75,no,J,yes
RR034B_283_fecRa,MIZ233,feces,0,Maromizaha,-18.9623,48.4525,9/11/18,Rousettus madagascariensis,male,M76,no,J,yes
RR034B_284_fecRa,MIZ234,feces,0,Maromizaha,-18.9623,48.4525,9/11/18,Rousettus madagascariensis,female,M77,no,J,yes
RR034B_285_fecRa,MIZ235,feces,0,Maromizaha,-18.9623,48.4525,9/11/18,Rousettus madagascariensis,male,M78,no,A,no
RR034B_286_fecRa,MIZ238,feces,0,Maromizaha,-18.9623,48.4525,9/11/18,Rousettus madagascariensis,female,M81,no,NL,no
RR034B_287_fecRa,MIZ239,feces,0,Maromizaha,-18.9623,48.4525,9/11/18,Rousettus madagascariensis,male,M82,no,A,no
RR034B_288_fecRa,MIZ240,feces,0,Maromizaha,-18.9623,48.4525,9/11/18,Rousettus madagascariensis,male,M83,no,A,no
RR034B_289_fecRa,MIZ242,feces,0,Maromizaha,-18.9623,48.4525,9/12/18,Rousettus madagascariensis,male,M85,no,A,no
RR034B_290_fecRa,MIZ243,feces,0,Maromizaha,-18.9623,48.4525,9/12/18,Rousettus madagascariensis,male,M86,no,J,yes
RR034B_291_fecRa,MLB001,feces,0,Mahialambo,-18.1102,48.2098,12/13/18,Pteropus rufus,female,1366,no,L,no
RR034B_292_fecRa,MLB002,feces,0,Mahialambo,-18.1102,48.2098,12/13/18,Pteropus rufus,male,,no,J,yes
RR034B_293_fecRa,MLB003,feces,0,Mahialambo,-18.1102,48.2098,12/14/18,Pteropus rufus,male,,no,J,yes
RR034B_294_fecRa,MLB004,feces,0,Mahialambo,-18.1102,48.2098,12/16/18,Pteropus rufus,female,1367,no,NL,no
RR034B_295_fecRa,MLB005,feces,0,Mahialambo,-18.1102,48.2098,12/17/18,Pteropus rufus,male,1368,no,A,no
RR034B_296_fecRa,MLB006,feces,0,Mahialambo,-18.1102,48.2098,12/18/18,Pteropus rufus,female,1371,no,L,no
RR034B_297_fecRa,MLB007,feces,0,Mahialambo,-18.1102,48.2098,12/18/18,Pteropus rufus,female,,no,J,yes